distancia_m,bloque,potencia_lineal,potencia_dB
1,1,1.122773e-04,-39.497
1,2,8.854378e-05,-40.528
1,3,1.803720e-04,-37.438
1,4,1.101438e-04,-39.580
1,5,6.105655e-05,-42.143
1,6,1.395205e-04,-38.554
1,7,3.323533e-04,-34.784
1,8,2.392392e-04,-36.212
1,9,5.230051e-05,-42.815
1,10,3.117679e-05,-45.062
2,1,6.129065e-06,-52.126
2,2,1.130406e-05,-49.468
2,3,1.278473e-06,-58.933
2,4,8.895848e-06,-50.508
2,5,3.454138e-06,-54.617
2,6,5.543666e-06,-52.562
2,7,6.591745e-06,-51.810
2,8,8.131749e-06,-50.898
2,9,1.589850e-05,-47.986
2,10,2.842558e-05,-45.463
5,1,5.150888e-07,-62.881
5,2,2.041180e-06,-56.901
5,3,3.142086e-07,-65.028
5,4,8.014935e-07,-60.961
5,5,1.332552e-06,-58.753
5,6,6.322676e-07,-61.991
5,7,2.923454e-07,-65.341
5,8,2.480880e-07,-66.054
5,9,3.803695e-07,-64.198
5,10,7.101892e-07,-61.486
10,1,2.489733e-08,-76.038
10,2,5.203910e-08,-72.837
10,3,5.448915e-08,-72.637
10,4,1.038337e-07,-69.837
10,5,7.688890e-08,-71.141
10,6,8.752842e-08,-70.579
10,7,3.455163e-08,-74.615
10,8,5.599568e-08,-72.518
10,9,1.298943e-07,-68.864
10,10,2.496735e-07,-66.026
15,1,5.406071e-09,-82.671
15,2,6.951483e-08,-71.579
15,3,5.954676e-08,-72.251
15,4,3.540239e-08,-74.510
15,5,2.199329e-08,-76.577
15,6,1.291037e-08,-78.891
15,7,6.602619e-08,-71.803
15,8,1.048603e-07,-69.794
15,9,9.060704e-08,-70.428
15,10,5.788279e-08,-72.375
20,1,9.542368e-09,-80.203
20,2,2.256195e-09,-86.466
20,3,6.837894e-09,-81.651
20,4,1.256880e-08,-79.007
20,5,2.095846e-09,-86.786
20,6,9.879907e-09,-80.052
20,7,1.020116e-08,-79.914
20,8,1.303530e-08,-78.849
20,9,2.307049e-09,-86.369
20,10,3.732699e-09,-84.280
